{"cameraMode":{"drawMode":0,"name":"Shaded","section":"Shading Mode"},"sceneLighting":true,"audioPlay":false,"sceneViewState":{"m_AlwaysRefresh":false,"showFog":true,"showSkybox":true,"showFlares":true,"showImageEffects":true,"showParticleSystems":true,"showVisualEffectGraphs":true,"m_FxEnabled":true},"in2DMode":false,"pivot":{"x":4.7905778884887699,"y":0.7727357149124146,"z":0.2555049657821655},"rotation":{"x":0.04604154825210571,"y":-0.8403301239013672,"z":0.5357503890991211,"w":0.07157571613788605},"size":26.057313919067384,"orthographic":true}